state,workers_requested,workers_certified,n_cases,year,workers_gap,demand_met_pct
AK,0.0,30.0,2,2008,-30.0,inf
AL,0.0,619.0,42,2008,-619.0,inf
AR,0.0,3366.0,156,2008,-3366.0,inf
AZ,0.0,6284.0,151,2008,-6284.0,inf
CA,0.0,3199.0,277,2008,-3199.0,inf
CO,0.0,2686.0,300,2008,-2686.0,inf
CT,0.0,655.0,99,2008,-655.0,inf
DE,0.0,53.0,3,2008,-53.0,inf
FL,0.0,5852.0,129,2008,-5852.0,inf
GA,0.0,6492.0,91,2008,-6492.0,inf
HI,0.0,199.0,18,2008,-199.0,inf
IA,0.0,1746.0,40,2008,-1746.0,inf
ID,0.0,3838.0,572,2008,-3838.0,inf
IL,0.0,787.0,39,2008,-787.0,inf
IN,0.0,133.0,17,2008,-133.0,inf
KS,0.0,1097.0,145,2008,-1097.0,inf
KY,0.0,5891.0,800,2008,-5891.0,inf
LA,0.0,6076.0,483,2008,-6076.0,inf
MA,0.0,692.0,210,2008,-692.0,inf
MD,0.0,1140.0,74,2008,-1140.0,inf
ME,0.0,647.0,47,2008,-647.0,inf
MI,0.0,469.0,31,2008,-469.0,inf
MN,0.0,915.0,109,2008,-915.0,inf
MO,0.0,494.0,34,2008,-494.0,inf
MS,0.0,2292.0,128,2008,-2292.0,inf
MT,0.0,792.0,226,2008,-792.0,inf
NC,0.0,16587.0,1461,2008,-16587.0,inf
ND,0.0,897.0,242,2008,-897.0,inf
NE,0.0,177.0,31,2008,-177.0,inf
NH,0.0,269.0,51,2008,-269.0,inf
NJ,0.0,511.0,48,2008,-511.0,inf
NM,0.0,411.0,43,2008,-411.0,inf
NV,0.0,2000.0,95,2008,-2000.0,inf
NY,0.0,4259.0,332,2008,-4259.0,inf
OH,0.0,1177.0,71,2008,-1177.0,inf
OK,0.0,612.0,93,2008,-612.0,inf
OR,0.0,110.0,38,2008,-110.0,inf
PA,0.0,609.0,69,2008,-609.0,inf
RI,0.0,12.0,8,2008,-12.0,inf
SC,0.0,2129.0,42,2008,-2129.0,inf
SD,0.0,489.0,108,2008,-489.0,inf
TN,0.0,2431.0,236,2008,-2431.0,inf
TX,0.0,3090.0,418,2008,-3090.0,inf
UT,0.0,2124.0,259,2008,-2124.0,inf
VA,0.0,4169.0,510,2008,-4169.0,inf
VT,0.0,501.0,70,2008,-501.0,inf
WA,0.0,2826.0,65,2008,-2826.0,inf
WI,0.0,332.0,27,2008,-332.0,inf
WV,0.0,37.0,5,2008,-37.0,inf
WY,0.0,459.0,126,2008,-459.0,inf
AK,0.0,31.0,3,2009,-31.0,inf
AL,0.0,866.0,42,2009,-866.0,inf
AR,0.0,3124.0,144,2009,-3124.0,inf
AZ,0.0,3913.0,74,2009,-3913.0,inf
CA,0.0,3160.0,314,2009,-3160.0,inf
CO,0.0,2397.0,308,2009,-2397.0,inf
CT,0.0,465.0,79,2009,-465.0,inf
DE,0.0,57.0,4,2009,-57.0,inf
FL,0.0,5823.0,92,2009,-5823.0,inf
GA,0.0,6654.0,95,2009,-6654.0,inf
HI,0.0,258.0,16,2009,-258.0,inf
IA,0.0,1339.0,30,2009,-1339.0,inf
ID,0.0,3842.0,600,2009,-3842.0,inf
IL,0.0,502.0,33,2009,-502.0,inf
IN,0.0,101.0,16,2009,-101.0,inf
KS,0.0,893.0,131,2009,-893.0,inf
KY,0.0,5992.0,729,2009,-5992.0,inf
LA,0.0,6806.0,519,2009,-6806.0,inf
MA,0.0,969.0,162,2009,-969.0,inf
MD,0.0,891.0,73,2009,-891.0,inf
ME,0.0,1310.0,226,2009,-1310.0,inf
MI,0.0,461.0,36,2009,-461.0,inf
MN,0.0,768.0,89,2009,-768.0,inf
MO,0.0,355.0,32,2009,-355.0,inf
MS,0.0,2024.0,120,2009,-2024.0,inf
MT,0.0,695.0,209,2009,-695.0,inf
NC,0.0,16040.0,1005,2009,-16040.0,inf
ND,0.0,875.0,225,2009,-875.0,inf
NE,0.0,222.0,33,2009,-222.0,inf
NH,0.0,587.0,61,2009,-587.0,inf
NJ,0.0,581.0,43,2009,-581.0,inf
NM,0.0,557.0,38,2009,-557.0,inf
NV,0.0,2076.0,121,2009,-2076.0,inf
NY,0.0,4421.0,342,2009,-4421.0,inf
OH,0.0,1293.0,78,2009,-1293.0,inf
OK,0.0,673.0,90,2009,-673.0,inf
OR,0.0,81.0,41,2009,-81.0,inf
PA,0.0,700.0,72,2009,-700.0,inf
RI,0.0,4.0,3,2009,-4.0,inf
SC,0.0,2030.0,51,2009,-2030.0,inf
SD,0.0,544.0,113,2009,-544.0,inf
TN,0.0,2487.0,203,2009,-2487.0,inf
TX,0.0,2807.0,395,2009,-2807.0,inf
UT,0.0,2397.0,244,2009,-2397.0,inf
VA,0.0,3907.0,502,2009,-3907.0,inf
VT,0.0,459.0,65,2009,-459.0,inf
WA,0.0,2066.0,54,2009,-2066.0,inf
WI,0.0,391.0,27,2009,-391.0,inf
WV,0.0,48.0,4,2009,-48.0,inf
WY,0.0,455.0,132,2009,-455.0,inf
AK,0.0,20.0,1,2010,-20.0,inf
AL,0.0,547.0,30,2010,-547.0,inf
AR,0.0,3075.0,130,2010,-3075.0,inf
AZ,0.0,4712.0,264,2010,-4712.0,inf
CA,0.0,2839.0,192,2010,-2839.0,inf
CO,0.0,1848.0,245,2010,-1848.0,inf
CT,0.0,438.0,80,2010,-438.0,inf
DE,0.0,46.0,4,2010,-46.0,inf
FL,0.0,4542.0,60,2010,-4542.0,inf
GA,0.0,4874.0,78,2010,-4874.0,inf
HI,0.0,70.0,9,2010,-70.0,inf
IA,0.0,871.0,30,2010,-871.0,inf
ID,0.0,4328.0,569,2010,-4328.0,inf
IL,0.0,588.0,24,2010,-588.0,inf
IN,0.0,71.0,13,2010,-71.0,inf
KS,0.0,835.0,134,2010,-835.0,inf
KY,0.0,5652.0,651,2010,-5652.0,inf
LA,0.0,6973.0,524,2010,-6973.0,inf
MA,0.0,563.0,142,2010,-563.0,inf
MD,0.0,623.0,56,2010,-623.0,inf
ME,0.0,608.0,63,2010,-608.0,inf
MI,0.0,277.0,23,2010,-277.0,inf
MN,0.0,702.0,75,2010,-702.0,inf
MO,0.0,318.0,27,2010,-318.0,inf
MS,0.0,1903.0,97,2010,-1903.0,inf
MT,0.0,377.0,139,2010,-377.0,inf
NC,0.0,18299.0,1132,2010,-18299.0,inf
ND,0.0,923.0,247,2010,-923.0,inf
NE,0.0,225.0,29,2010,-225.0,inf
NH,0.0,180.0,50,2010,-180.0,inf
NJ,0.0,454.0,33,2010,-454.0,inf
NM,0.0,548.0,35,2010,-548.0,inf
NV,0.0,1938.0,67,2010,-1938.0,inf
NY,0.0,3944.0,289,2010,-3944.0,inf
OH,0.0,1018.0,48,2010,-1018.0,inf
OK,0.0,508.0,79,2010,-508.0,inf
OR,0.0,80.0,21,2010,-80.0,inf
PA,0.0,625.0,68,2010,-625.0,inf
RI,0.0,26.0,6,2010,-26.0,inf
SC,0.0,2252.0,35,2010,-2252.0,inf
SD,0.0,488.0,103,2010,-488.0,inf
TN,0.0,2305.0,188,2010,-2305.0,inf
TX,0.0,2243.0,330,2010,-2243.0,inf
UT,0.0,1524.0,180,2010,-1524.0,inf
VA,0.0,3301.0,480,2010,-3301.0,inf
VT,0.0,438.0,66,2010,-438.0,inf
WA,0.0,4248.0,71,2010,-4248.0,inf
WI,0.0,141.0,15,2010,-141.0,inf
WV,0.0,42.0,3,2010,-42.0,inf
WY,0.0,522.0,152,2010,-522.0,inf
AK,22.0,22.0,1,2011,0.0,100.0
AL,637.0,607.0,31,2011,30.0,95.3
AR,2783.0,2539.0,138,2011,244.0,91.2
AZ,2712.0,2159.0,48,2011,553.0,79.6
CA,1951.0,1865.0,212,2011,86.0,95.6
CO,1349.0,1263.0,244,2011,86.0,93.6
CT,292.0,290.0,60,2011,2.0,99.3
DE,38.0,38.0,3,2011,0.0,100.0
FL,6567.0,5741.0,61,2011,826.0,87.4
GA,7536.0,6793.0,84,2011,743.0,90.1
HI,221.0,195.0,12,2011,26.0,88.2
IA,1292.0,1178.0,29,2011,114.0,91.2
ID,2058.0,1977.0,449,2011,81.0,96.1
IL,641.0,570.0,22,2011,71.0,88.9
IN,125.0,119.0,13,2011,6.0,95.2
KS,956.0,847.0,140,2011,109.0,88.6
KY,5084.0,4821.0,577,2011,263.0,94.8
LA,8177.0,7655.0,595,2011,522.0,93.6
MA,500.0,487.0,140,2011,13.0,97.4
MD,653.0,624.0,55,2011,29.0,95.6
ME,659.0,647.0,83,2011,12.0,98.2
MI,401.0,276.0,18,2011,125.0,68.8
MN,578.0,512.0,65,2011,66.0,88.6
MO,289.0,242.0,24,2011,47.0,83.7
MS,2265.0,1965.0,99,2011,300.0,86.8
MT,512.0,450.0,195,2011,62.0,87.9
NC,17037.0,16962.0,1297,2011,75.0,99.6
ND,977.0,801.0,247,2011,176.0,82.0
NE,286.0,234.0,29,2011,52.0,81.8
NH,209.0,205.0,49,2011,4.0,98.1
NJ,527.0,457.0,35,2011,70.0,86.7
NM,680.0,474.0,27,2011,206.0,69.7
NV,1954.0,1864.0,96,2011,90.0,95.4
NY,4158.0,4070.0,284,2011,88.0,97.9
OH,782.0,733.0,44,2011,49.0,93.7
OK,579.0,471.0,77,2011,108.0,81.3
OR,124.0,107.0,34,2011,17.0,86.3
PA,555.0,517.0,55,2011,38.0,93.2
RI,7.0,7.0,6,2011,0.0,100.0
SC,3128.0,2640.0,40,2011,488.0,84.4
SD,560.0,525.0,104,2011,35.0,93.8
TN,2101.0,2006.0,178,2011,95.0,95.5
TX,2508.0,2145.0,325,2011,363.0,85.5
UT,2365.0,2224.0,338,2011,141.0,94.0
VA,4140.0,4071.0,454,2011,69.0,98.3
VT,459.0,457.0,58,2011,2.0,99.6
WA,5138.0,5068.0,72,2011,70.0,98.6
WI,132.0,126.0,10,2011,6.0,95.5
WV,38.0,38.0,2,2011,0.0,100.0
WY,367.0,336.0,103,2011,31.0,91.6
AK,22.0,22.0,1,2012,0.0,100.0
AL,770.0,730.0,42,2012,40.0,94.8
AR,2907.0,2881.0,200,2012,26.0,99.1
AZ,2621.0,2491.0,91,2012,130.0,95.0
CA,3374.0,3089.0,211,2012,285.0,91.6
CO,1170.0,1159.0,225,2012,11.0,99.1
CT,722.0,721.0,58,2012,1.0,99.9
DE,34.0,32.0,3,2012,2.0,94.1
FL,7117.0,6945.0,82,2012,172.0,97.6
GA,9051.0,8475.0,104,2012,576.0,93.6
HI,123.0,98.0,8,2012,25.0,79.7
IA,1179.0,1173.0,24,2012,6.0,99.5
ID,2156.0,2139.0,434,2012,17.0,99.2
IL,892.0,784.0,30,2012,108.0,87.9
IN,798.0,458.0,15,2012,340.0,57.4
KS,787.0,753.0,152,2012,34.0,95.7
KY,5011.0,4971.0,970,2012,40.0,99.2
LA,7131.0,6993.0,603,2012,138.0,98.1
MA,478.0,452.0,132,2012,26.0,94.6
MD,649.0,644.0,56,2012,5.0,99.2
ME,600.0,586.0,64,2012,14.0,97.7
MI,424.0,344.0,19,2012,80.0,81.1
MN,767.0,765.0,65,2012,2.0,99.7
MO,282.0,250.0,20,2012,32.0,88.7
MS,2586.0,2502.0,106,2012,84.0,96.8
MT,518.0,501.0,201,2012,17.0,96.7
NC,19251.0,19193.0,1315,2012,58.0,99.7
ND,1006.0,940.0,250,2012,66.0,93.4
NE,281.0,281.0,32,2012,0.0,100.0
NH,155.0,153.0,39,2012,2.0,98.7
NJ,676.0,545.0,33,2012,131.0,80.6
NM,316.0,226.0,25,2012,90.0,71.5
NV,2130.0,2127.0,140,2012,3.0,99.9
NY,4498.0,3678.0,275,2012,820.0,81.8
OH,785.0,770.0,48,2012,15.0,98.1
OK,451.0,422.0,64,2012,29.0,93.6
OR,110.0,110.0,30,2012,0.0,100.0
PA,569.0,558.0,60,2012,11.0,98.1
RI,4.0,4.0,4,2012,0.0,100.0
SC,2942.0,2924.0,38,2012,18.0,99.4
SD,668.0,629.0,124,2012,39.0,94.2
TN,2338.0,2299.0,277,2012,39.0,98.3
TX,2219.0,2094.0,343,2012,125.0,94.4
UT,1883.0,1792.0,243,2012,91.0,95.2
VA,3576.0,3571.0,476,2012,5.0,99.9
VT,419.0,418.0,60,2012,1.0,99.8
WA,9550.0,7086.0,143,2012,2464.0,74.2
WI,171.0,171.0,11,2012,0.0,100.0
WV,134.0,134.0,2,2012,0.0,100.0
WY,399.0,392.0,99,2012,7.0,98.2
AK,0.0,15.0,1,2014,-15.0,inf
AL,0.0,732.0,37,2014,-732.0,inf
AR,0.0,2549.0,177,2014,-2549.0,inf
AZ,0.0,4393.0,374,2014,-4393.0,inf
CA,0.0,6663.0,397,2014,-6663.0,inf
CO,0.0,1524.0,193,2014,-1524.0,inf
CT,0.0,408.0,60,2014,-408.0,inf
DE,0.0,32.0,4,2014,-32.0,inf
FL,0.0,13544.0,176,2014,-13544.0,inf
GA,0.0,10507.0,145,2014,-10507.0,inf
HI,0.0,39.0,6,2014,-39.0,inf
IA,0.0,1143.0,85,2014,-1143.0,inf
ID,0.0,2080.0,399,2014,-2080.0,inf
IL,0.0,892.0,39,2014,-892.0,inf
IN,0.0,934.0,33,2014,-934.0,inf
KS,0.0,655.0,100,2014,-655.0,inf
KY,0.0,6755.0,1084,2014,-6755.0,inf
LA,0.0,7240.0,692,2014,-7240.0,inf
MA,0.0,432.0,116,2014,-432.0,inf
MD,0.0,608.0,52,2014,-608.0,inf
ME,0.0,640.0,64,2014,-640.0,inf
MI,0.0,1317.0,38,2014,-1317.0,inf
MN,0.0,978.0,94,2014,-978.0,inf
MO,0.0,595.0,37,2014,-595.0,inf
MS,0.0,3195.0,135,2014,-3195.0,inf
MT,0.0,575.0,228,2014,-575.0,inf
NC,0.0,25732.0,1516,2014,-25732.0,inf
ND,0.0,1150.0,345,2014,-1150.0,inf
NE,0.0,533.0,47,2014,-533.0,inf
NH,0.0,163.0,41,2014,-163.0,inf
NJ,0.0,648.0,34,2014,-648.0,inf
NM,0.0,172.0,26,2014,-172.0,inf
NV,0.0,1883.0,55,2014,-1883.0,inf
NY,0.0,4734.0,337,2014,-4734.0,inf
OH,0.0,845.0,46,2014,-845.0,inf
OK,0.0,477.0,73,2014,-477.0,inf
OR,0.0,254.0,39,2014,-254.0,inf
PA,0.0,675.0,73,2014,-675.0,inf
RI,0.0,4.0,4,2014,-4.0,inf
SC,0.0,3041.0,53,2014,-3041.0,inf
SD,0.0,656.0,140,2014,-656.0,inf
TN,0.0,2848.0,318,2014,-2848.0,inf
TX,0.0,2513.0,387,2014,-2513.0,inf
UT,0.0,716.0,128,2014,-716.0,inf
VA,0.0,4872.0,544,2014,-4872.0,inf
VT,0.0,496.0,74,2014,-496.0,inf
WA,0.0,15123.0,254,2014,-15123.0,inf
WI,0.0,492.0,20,2014,-492.0,inf
WV,0.0,37.0,3,2014,-37.0,inf
WY,0.0,309.0,79,2014,-309.0,inf
AK,15.0,15.0,1,2015,0.0,100.0
AL,807.0,735.0,40,2015,72.0,91.1
AR,2656.0,2604.0,187,2015,52.0,98.0
AZ,4236.0,4211.0,279,2015,25.0,99.4
CA,9843.0,9411.0,508,2015,432.0,95.6
CO,1755.0,1717.0,197,2015,38.0,97.8
CT,457.0,478.0,53,2015,-21.0,104.6
DE,231.0,231.0,8,2015,0.0,100.0
FL,18740.0,17942.0,204,2015,798.0,95.7
GA,15360.0,14513.0,185,2015,847.0,94.5
HI,40.0,40.0,5,2015,0.0,100.0
IA,1497.0,1361.0,87,2015,136.0,90.9
ID,2397.0,2356.0,426,2015,41.0,98.3
IL,906.0,809.0,56,2015,97.0,89.3
IN,1326.0,1266.0,42,2015,60.0,95.5
KS,795.0,773.0,118,2015,22.0,97.2
KY,6794.0,6726.0,1092,2015,68.0,99.0
LA,8297.0,7873.0,747,2015,424.0,94.9
MA,466.0,459.0,120,2015,7.0,98.5
MD,674.0,657.0,60,2015,17.0,97.5
ME,754.0,666.0,67,2015,88.0,88.3
MI,2608.0,2226.0,55,2015,382.0,85.4
MN,1390.0,1177.0,108,2015,213.0,84.7
MO,844.0,839.0,50,2015,5.0,99.4
MS,4056.0,3684.0,162,2015,372.0,90.8
MT,640.0,614.0,247,2015,26.0,95.9
NC,29665.0,29350.0,1666,2015,315.0,98.9
ND,1439.0,1340.0,425,2015,99.0,93.1
NE,726.0,703.0,62,2015,23.0,96.8
NH,167.0,166.0,44,2015,1.0,99.4
NJ,814.0,806.0,41,2015,8.0,99.0
NM,303.0,244.0,41,2015,59.0,80.5
NV,1971.0,1940.0,59,2015,31.0,98.4
NY,5284.0,5104.0,361,2015,180.0,96.6
OH,1106.0,1027.0,60,2015,79.0,92.9
OK,510.0,501.0,73,2015,9.0,98.2
OR,694.0,670.0,49,2015,24.0,96.5
PA,829.0,785.0,86,2015,44.0,94.7
RI,6.0,6.0,5,2015,0.0,100.0
SC,3777.0,3594.0,60,2015,183.0,95.2
SD,812.0,751.0,166,2015,61.0,92.5
TN,3006.0,2983.0,327,2015,23.0,99.2
TX,3143.0,2856.0,475,2015,287.0,90.9
UT,848.0,790.0,145,2015,58.0,93.2
VA,4994.0,4960.0,551,2015,34.0,99.3
VT,515.0,507.0,69,2015,8.0,98.4
WA,19839.0,19408.0,349,2015,431.0,97.8
WI,460.0,448.0,26,2015,12.0,97.4
WV,73.0,72.0,5,2015,1.0,98.6
WY,329.0,326.0,90,2015,3.0,99.1
AK,17.0,17.0,1,2016,0.0,100.0
AL,999.0,972.0,48,2016,27.0,97.3
AR,3310.0,3150.0,221,2016,160.0,95.2
AZ,5500.0,5410.0,77,2016,90.0,98.4
CA,12176.0,11908.0,656,2016,268.0,97.8
CO,2182.0,2095.0,275,2016,87.0,96.0
CT,358.0,327.0,52,2016,31.0,91.3
DE,392.0,392.0,14,2016,0.0,100.0
FL,23870.0,22828.0,293,2016,1042.0,95.6
GA,18720.0,17392.0,225,2016,1328.0,92.9
HI,51.0,51.0,8,2016,0.0,100.0
IA,2345.0,2155.0,140,2016,190.0,91.9
ID,3226.0,3176.0,565,2016,50.0,98.5
IL,1320.0,1270.0,68,2016,50.0,96.2
IN,2210.0,1974.0,54,2016,236.0,89.3
KS,810.0,789.0,118,2016,21.0,97.4
KY,6919.0,6779.0,1127,2016,140.0,98.0
LA,8738.0,8336.0,808,2016,402.0,95.4
MA,445.0,437.0,121,2016,8.0,98.2
MD,836.0,804.0,67,2016,32.0,96.2
ME,724.0,700.0,74,2016,24.0,96.7
MI,4062.0,3878.0,88,2016,184.0,95.5
MN,1300.0,1296.0,116,2016,4.0,99.7
MO,857.0,846.0,54,2016,11.0,98.7
MS,3997.0,3925.0,189,2016,72.0,98.2
MT,661.0,630.0,281,2016,31.0,95.3
NC,32407.0,31929.0,1810,2016,478.0,98.5
ND,1463.0,1374.0,450,2016,89.0,93.9
NE,999.0,967.0,97,2016,32.0,96.8
NH,169.0,169.0,38,2016,0.0,100.0
NJ,1041.0,1016.0,49,2016,25.0,97.6
NM,423.0,381.0,47,2016,42.0,90.1
NV,2102.0,2094.0,126,2016,8.0,99.6
NY,5729.0,5551.0,381,2016,178.0,96.9
OH,1411.0,1297.0,71,2016,114.0,91.9
OK,634.0,526.0,75,2016,108.0,83.0
OR,1451.0,1121.0,102,2016,330.0,77.3
PA,927.0,892.0,84,2016,35.0,96.2
RI,4.0,4.0,4,2016,0.0,100.0
SC,4211.0,3896.0,81,2016,315.0,92.5
SD,869.0,826.0,172,2016,43.0,95.1
TN,3285.0,3224.0,361,2016,61.0,98.1
TX,3332.0,3117.0,475,2016,215.0,93.5
UT,1039.0,1001.0,197,2016,38.0,96.3
VA,5136.0,5074.0,581,2016,62.0,98.8
VT,523.0,520.0,78,2016,3.0,99.4
WA,22968.0,22321.0,424,2016,647.0,97.2
WI,853.0,853.0,35,2016,0.0,100.0
WV,152.0,116.0,10,2016,36.0,76.3
WY,360.0,344.0,104,2016,16.0,95.6
AK,29.0,22.0,4,2017,7.0,75.9
AL,1056.0,936.0,55,2017,120.0,88.6
AR,3274.0,3219.0,268,2017,55.0,98.3
AZ,6110.0,6080.0,85,2017,30.0,99.5
CA,16743.0,15702.0,638,2017,1041.0,93.8
CO,2716.0,2688.0,352,2017,28.0,99.0
CT,430.0,429.0,63,2017,1.0,99.8
DE,623.0,570.0,16,2017,53.0,91.5
FL,26042.0,25303.0,339,2017,739.0,97.2
GA,23924.0,23421.0,301,2017,503.0,97.9
HI,106.0,73.0,13,2017,33.0,68.9
IA,2990.0,2926.0,183,2017,64.0,97.9
ID,3990.0,3715.0,683,2017,275.0,93.1
IL,2067.0,1942.0,85,2017,125.0,94.0
IN,2939.0,2935.0,76,2017,4.0,99.9
KS,876.0,855.0,134,2017,21.0,97.6
KY,7477.0,7403.0,1214,2017,74.0,99.0
LA,8996.0,8906.0,856,2017,90.0,99.0
MA,439.0,438.0,110,2017,1.0,99.8
MD,817.0,777.0,66,2017,40.0,95.1
ME,731.0,724.0,68,2017,7.0,99.0
MI,6756.0,6432.0,153,2017,324.0,95.2
MN,1686.0,1660.0,145,2017,26.0,98.5
MO,847.0,828.0,58,2017,19.0,97.8
MS,4377.0,4310.0,231,2017,67.0,98.5
MT,754.0,740.0,318,2017,14.0,98.1
NC,32923.0,32740.0,1904,2017,183.0,99.4
ND,1524.0,1480.0,476,2017,44.0,97.1
NE,1328.0,1245.0,118,2017,83.0,93.8
NH,183.0,177.0,41,2017,6.0,96.7
NJ,1237.0,1197.0,57,2017,40.0,96.8
NM,419.0,401.0,52,2017,18.0,95.7
NV,2519.0,2506.0,215,2017,13.0,99.5
NY,7053.0,6903.0,459,2017,150.0,97.9
OH,1704.0,1654.0,86,2017,50.0,97.1
OK,580.0,572.0,83,2017,8.0,98.6
OR,1652.0,1562.0,147,2017,90.0,94.6
PA,1427.0,1380.0,111,2017,47.0,96.7
RI,6.0,6.0,5,2017,0.0,100.0
SC,5048.0,4529.0,93,2017,519.0,89.7
SD,1050.0,1014.0,196,2017,36.0,96.6
TN,3887.0,3780.0,407,2017,107.0,97.2
TX,4279.0,3733.0,505,2017,546.0,87.2
UT,1114.0,1084.0,258,2017,30.0,97.3
VA,5188.0,5153.0,523,2017,35.0,99.3
VT,537.0,527.0,81,2017,10.0,98.1
WA,29986.0,28374.0,395,2017,1612.0,94.6
WI,1594.0,1279.0,61,2017,315.0,80.2
WV,182.0,182.0,11,2017,0.0,100.0
WY,446.0,443.0,130,2017,3.0,99.3
AK,60.0,33.0,4,2018,27.0,55.0
AL,1385.0,1368.0,64,2018,17.0,98.8
AR,3623.0,3560.0,323,2018,63.0,98.3
AZ,7560.0,7513.0,90,2018,47.0,99.4
CA,19934.0,19202.0,737,2018,732.0,96.3
CO,2894.0,2857.0,343,2018,37.0,98.7
CT,618.0,618.0,72,2018,0.0,100.0
DE,876.0,459.0,17,2018,417.0,52.4
FL,31444.0,30462.0,420,2018,982.0,96.9
GA,34219.0,32364.0,405,2018,1855.0,94.6
HI,137.0,137.0,14,2018,0.0,100.0
IA,4212.0,3933.0,299,2018,279.0,93.4
ID,4271.0,4251.0,712,2018,20.0,99.5
IL,2530.0,2485.0,112,2018,45.0,98.2
IN,3530.0,3424.0,113,2018,106.0,97.0
KS,982.0,949.0,155,2018,33.0,96.6
KY,7695.0,7604.0,1237,2018,91.0,98.8
LA,10483.0,10160.0,955,2018,323.0,96.9
MA,450.0,450.0,117,2018,0.0,100.0
MD,1047.0,980.0,80,2018,67.0,93.6
ME,790.0,745.0,71,2018,45.0,94.3
MI,8933.0,8359.0,225,2018,574.0,93.6
MN,2019.0,2014.0,169,2018,5.0,99.8
MO,1325.0,1279.0,88,2018,46.0,96.5
MS,4713.0,4552.0,286,2018,161.0,96.6
MT,904.0,878.0,348,2018,26.0,97.1
NC,34399.0,33760.0,2051,2018,639.0,98.1
ND,1683.0,1637.0,524,2018,46.0,97.3
NE,2332.0,2313.0,164,2018,19.0,99.2
NH,192.0,186.0,44,2018,6.0,96.9
NJ,1539.0,1443.0,65,2018,96.0,93.8
NM,529.0,488.0,57,2018,41.0,92.2
NV,2653.0,2630.0,211,2018,23.0,99.1
NY,7767.0,7671.0,523,2018,96.0,98.8
OH,1757.0,1692.0,103,2018,65.0,96.3
OK,849.0,646.0,137,2018,203.0,76.1
OR,2623.0,2476.0,144,2018,147.0,94.4
PA,1612.0,1595.0,134,2018,17.0,98.9
RI,5.0,5.0,5,2018,0.0,100.0
SC,6446.0,6034.0,118,2018,412.0,93.6
SD,1524.0,1335.0,241,2018,189.0,87.6
TN,4132.0,4076.0,423,2018,56.0,98.6
TX,4763.0,4379.0,577,2018,384.0,91.9
UT,1300.0,1287.0,279,2018,13.0,99.0
VA,5702.0,5697.0,569,2018,5.0,99.9
VT,547.0,546.0,87,2018,1.0,99.8
WA,30295.0,29991.0,309,2018,304.0,99.0
WI,1662.0,1570.0,82,2018,92.0,94.5
WV,217.0,217.0,14,2018,0.0,100.0
WY,427.0,426.0,131,2018,1.0,99.8
AK,38.0,38.0,3,2019,0.0,100.0
AL,1474.0,1424.0,91,2019,50.0,96.6
AR,4082.0,4002.0,426,2019,80.0,98.0
AZ,5805.0,5665.0,98,2019,140.0,97.6
CA,24092.0,23752.0,855,2019,340.0,98.6
CO,3568.0,3440.0,404,2019,128.0,96.4
CT,876.0,876.0,88,2019,0.0,100.0
DE,826.0,823.0,20,2019,3.0,99.6
FL,35211.0,33598.0,530,2019,1613.0,95.4
GA,32505.0,29486.0,401,2019,3019.0,90.7
HI,178.0,157.0,13,2019,21.0,88.2
IA,4111.0,3918.0,240,2019,193.0,95.3
ID,4628.0,4609.0,771,2019,19.0,99.6
IL,2750.0,2573.0,138,2019,177.0,93.6
IN,3779.0,3698.0,141,2019,81.0,97.9
KS,1198.0,1153.0,210,2019,45.0,96.2
KY,8404.0,8315.0,1258,2019,89.0,98.9
LA,11577.0,11196.0,1084,2019,381.0,96.7
MA,471.0,466.0,121,2019,5.0,98.9
MD,851.0,849.0,77,2019,2.0,99.8
ME,992.0,986.0,133,2019,6.0,99.4
MI,9592.0,9096.0,273,2019,496.0,94.8
MN,2045.0,2006.0,193,2019,39.0,98.1
MO,1483.0,1408.0,105,2019,75.0,94.9
MS,4948.0,4870.0,328,2019,78.0,98.4
MT,1075.0,984.0,416,2019,91.0,91.5
NC,34326.0,33011.0,2008,2019,1315.0,96.2
ND,1956.0,1870.0,618,2019,86.0,95.6
NE,2700.0,2488.0,183,2019,212.0,92.1
NH,217.0,217.0,52,2019,0.0,100.0
NJ,2158.0,2150.0,92,2019,8.0,99.6
NM,664.0,623.0,59,2019,41.0,93.8
NV,2810.0,2787.0,228,2019,23.0,99.2
NY,8330.0,8143.0,580,2019,187.0,97.8
OH,3009.0,2985.0,145,2019,24.0,99.2
OK,803.0,718.0,116,2019,85.0,89.4
OR,2634.0,2605.0,137,2019,29.0,98.9
PA,1888.0,1855.0,160,2019,33.0,98.3
RI,5.0,5.0,5,2019,0.0,100.0
SC,6518.0,6082.0,129,2019,436.0,93.3
SD,1748.0,1618.0,263,2019,130.0,92.6
TN,4592.0,4521.0,456,2019,71.0,98.5
TX,5338.0,5062.0,676,2019,276.0,94.8
UT,1563.0,1503.0,311,2019,60.0,96.2
VA,5330.0,5282.0,540,2019,48.0,99.1
VT,507.0,499.0,90,2019,8.0,98.4
WA,31516.0,30650.0,328,2019,866.0,97.3
WI,2082.0,1992.0,102,2019,90.0,95.7
WV,258.0,255.0,22,2019,3.0,98.8
WY,479.0,472.0,154,2019,7.0,98.5
AK,20.0,20.0,2,2020,0.0,100.0
AL,1811.0,1776.0,106,2020,35.0,98.1
AR,4679.0,4470.0,502,2020,209.0,95.5
AZ,9081.0,8602.0,130,2020,479.0,94.7
CA,25915.0,25453.0,734,2020,462.0,98.2
CO,3300.0,3253.0,361,2020,47.0,98.6
CT,1242.0,1110.0,102,2020,132.0,89.4
DE,610.0,599.0,21,2020,11.0,98.2
FL,41381.0,39064.0,642,2020,2317.0,94.4
GA,29442.0,27614.0,417,2020,1828.0,93.8
HI,178.0,178.0,12,2020,0.0,100.0
IA,4201.0,3977.0,227,2020,224.0,94.7
ID,4763.0,4741.0,720,2020,22.0,99.5
IL,3199.0,2965.0,158,2020,234.0,92.7
IN,3851.0,3631.0,136,2020,220.0,94.3
KS,1499.0,1413.0,264,2020,86.0,94.3
KY,7178.0,6952.0,1135,2020,226.0,96.9
LA,11530.0,11332.0,1077,2020,198.0,98.3
MA,511.0,500.0,126,2020,11.0,97.8
MD,1276.0,1254.0,97,2020,22.0,98.3
ME,932.0,882.0,95,2020,50.0,94.6
MI,10169.0,9912.0,302,2020,257.0,97.5
MN,2441.0,2260.0,215,2020,181.0,92.6
MO,1802.0,1763.0,126,2020,39.0,97.8
MS,5550.0,5521.0,357,2020,29.0,99.5
MT,1136.0,1099.0,414,2020,37.0,96.7
NC,22416.0,22052.0,469,2020,364.0,98.4
ND,2230.0,2192.0,667,2020,38.0,98.3
NE,3286.0,2755.0,214,2020,531.0,83.8
NH,234.0,234.0,49,2020,0.0,100.0
NJ,1988.0,1976.0,102,2020,12.0,99.4
NM,1240.0,1199.0,71,2020,41.0,96.7
NV,2842.0,2831.0,165,2020,11.0,99.6
NY,8585.0,8482.0,597,2020,103.0,98.8
OH,3286.0,3086.0,167,2020,200.0,93.9
OK,904.0,856.0,124,2020,48.0,94.7
OR,3539.0,3034.0,121,2020,505.0,85.7
PA,2274.0,2048.0,185,2020,226.0,90.1
RI,4.0,4.0,4,2020,0.0,100.0
SC,6090.0,5942.0,128,2020,148.0,97.6
SD,1822.0,1791.0,261,2020,31.0,98.3
TN,4965.0,4656.0,453,2020,309.0,93.8
TX,6798.0,6596.0,739,2020,202.0,97.0
UT,1423.0,1405.0,270,2020,18.0,98.7
VA,3960.0,3940.0,156,2020,20.0,99.5
VT,477.0,464.0,83,2020,13.0,97.3
WA,27902.0,26832.0,298,2020,1070.0,96.2
WI,2017.0,1997.0,105,2020,20.0,99.0
WV,239.0,239.0,20,2020,0.0,100.0
WY,507.0,455.0,134,2020,52.0,89.7
AK,154.0,54.0,5,2021,100.0,35.1
AL,1814.0,1679.0,126,2021,135.0,92.6
AR,5277.0,5139.0,626,2021,138.0,97.4
AZ,12489.0,10842.0,172,2021,1647.0,86.8
CA,33429.0,32333.0,900,2021,1096.0,96.7
CO,3562.0,3488.0,402,2021,74.0,97.9
CT,1273.0,1270.0,104,2021,3.0,99.8
DE,1025.0,1019.0,28,2021,6.0,99.4
FL,46606.0,44706.0,744,2021,1900.0,95.9
GA,37336.0,35205.0,563,2021,2131.0,94.3
HI,212.0,211.0,15,2021,1.0,99.5
IA,4112.0,4030.0,283,2021,82.0,98.0
ID,5641.0,5568.0,777,2021,73.0,98.7
IL,3132.0,3010.0,201,2021,122.0,96.1
IN,4629.0,4461.0,170,2021,168.0,96.4
KS,1675.0,1585.0,326,2021,90.0,94.6
KY,7458.0,7293.0,1187,2021,165.0,97.8
LA,12569.0,12473.0,1190,2021,96.0,99.2
MA,498.0,484.0,137,2021,14.0,97.2
MD,1198.0,1189.0,99,2021,9.0,99.2
ME,1102.0,1099.0,109,2021,3.0,99.7
MI,11943.0,11376.0,370,2021,567.0,95.3
MN,3117.0,2835.0,282,2021,282.0,91.0
MO,1890.0,1652.0,153,2021,238.0,87.4
MS,6639.0,6489.0,485,2021,150.0,97.7
MT,1211.0,1198.0,440,2021,13.0,98.9
NC,23914.0,23479.0,530,2021,435.0,98.2
ND,2376.0,2314.0,721,2021,62.0,97.4
NE,2658.0,2455.0,254,2021,203.0,92.4
NH,256.0,252.0,63,2021,4.0,98.4
NJ,2321.0,2302.0,124,2021,19.0,99.2
NM,1453.0,1377.0,99,2021,76.0,94.8
NV,3131.0,3101.0,182,2021,30.0,99.0
NY,9343.0,9192.0,655,2021,151.0,98.4
OH,4063.0,3733.0,191,2021,330.0,91.9
OK,1112.0,1097.0,148,2021,15.0,98.7
OR,3310.0,3292.0,140,2021,18.0,99.5
PA,2911.0,2497.0,216,2021,414.0,85.8
RI,4.0,4.0,3,2021,0.0,100.0
SC,7459.0,6842.0,180,2021,617.0,91.7
SD,2069.0,1972.0,313,2021,97.0,95.3
TN,5854.0,5725.0,483,2021,129.0,97.8
TX,8936.0,8553.0,876,2021,383.0,95.7
UT,1600.0,1567.0,328,2021,33.0,97.9
VA,4768.0,4604.0,176,2021,164.0,96.6
VT,501.0,485.0,89,2021,16.0,96.8
WA,28911.0,28727.0,333,2021,184.0,99.4
WI,2406.0,2329.0,136,2021,77.0,96.8
WV,331.0,268.0,25,2021,63.0,81.0
WY,614.0,602.0,149,2021,12.0,98.0
AK,54.0,54.0,3,2022,0.0,100.0
AL,2295.0,2172.0,165,2022,123.0,94.6
AR,6540.0,6469.0,780,2022,71.0,98.9
AZ,14002.0,13731.0,194,2022,271.0,98.1
CA,45075.0,43760.0,991,2022,1315.0,97.1
CO,4184.0,4112.0,457,2022,72.0,98.3
CT,1367.0,1358.0,114,2022,9.0,99.3
DE,817.0,817.0,28,2022,0.0,100.0
FL,52677.0,50973.0,897,2022,1704.0,96.8
GA,36441.0,34974.0,614,2022,1467.0,96.0
HI,273.0,268.0,23,2022,5.0,98.2
IA,5704.0,5294.0,403,2022,410.0,92.8
ID,6571.0,6559.0,829,2022,12.0,99.8
IL,4527.0,4394.0,285,2022,133.0,97.1
IN,4798.0,4680.0,182,2022,118.0,97.5
KS,2314.0,2049.0,410,2022,265.0,88.5
KY,7832.0,7809.0,1195,2022,23.0,99.7
LA,13989.0,13770.0,1360,2022,219.0,98.4
MA,541.0,534.0,149,2022,7.0,98.7
MD,1523.0,1518.0,112,2022,5.0,99.7
ME,1311.0,1304.0,133,2022,7.0,99.5
MI,16478.0,15524.0,476,2022,954.0,94.2
MN,3506.0,3455.0,341,2022,51.0,98.5
MO,1998.0,1969.0,200,2022,29.0,98.5
MS,7117.0,7094.0,547,2022,23.0,99.7
MT,1502.0,1462.0,486,2022,40.0,97.3
NC,26206.0,25624.0,610,2022,582.0,97.8
ND,2850.0,2784.0,874,2022,66.0,97.7
NE,3413.0,3358.0,321,2022,55.0,98.4
NH,295.0,290.0,65,2022,5.0,98.3
NJ,3169.0,3146.0,180,2022,23.0,99.3
NM,1945.0,1790.0,135,2022,155.0,92.0
NV,3320.0,3306.0,184,2022,14.0,99.6
NY,9937.0,9876.0,730,2022,61.0,99.4
OH,4489.0,4438.0,224,2022,51.0,98.9
OK,1296.0,1261.0,180,2022,35.0,97.3
OR,3884.0,3776.0,206,2022,108.0,97.2
PA,3132.0,2978.0,260,2022,154.0,95.1
RI,8.0,8.0,4,2022,0.0,100.0
SC,7993.0,7845.0,226,2022,148.0,98.1
SD,2714.0,2651.0,396,2022,63.0,97.7
TN,6467.0,6331.0,543,2022,136.0,97.9
TX,12311.0,11655.0,1141,2022,656.0,94.7
UT,1964.0,1944.0,362,2022,20.0,99.0
VA,5308.0,5066.0,215,2022,242.0,95.4
VT,525.0,522.0,101,2022,3.0,99.4
WA,33819.0,33049.0,385,2022,770.0,97.7
WI,2645.0,2640.0,161,2022,5.0,99.8
WV,297.0,287.0,22,2022,10.0,96.6
WY,619.0,612.0,148,2022,7.0,98.9
AK,57.0,57.0,4,2023,0.0,100.0
AL,2199.0,2141.0,189,2023,58.0,97.4
AR,7319.0,6995.0,914,2023,324.0,95.6
AZ,11467.0,11301.0,208,2023,166.0,98.6
CA,41667.0,40758.0,995,2023,909.0,97.8
CO,4549.0,4482.0,499,2023,67.0,98.5
CT,1423.0,1422.0,123,2023,1.0,99.9
DE,865.0,865.0,28,2023,0.0,100.0
FL,53083.0,51987.0,916,2023,1096.0,97.9
GA,40180.0,37536.0,723,2023,2644.0,93.4
HI,387.0,340.0,30,2023,47.0,87.9
IA,5728.0,5678.0,459,2023,50.0,99.1
ID,7313.0,7270.0,915,2023,43.0,99.4
IL,4961.0,4809.0,361,2023,152.0,96.9
IN,5154.0,4954.0,224,2023,200.0,96.1
KS,2279.0,2226.0,477,2023,53.0,97.7
KY,7981.0,7892.0,1214,2023,89.0,98.9
LA,13875.0,13167.0,1401,2023,708.0,94.9
MA,572.0,559.0,150,2023,13.0,97.7
MD,1489.0,1478.0,121,2023,11.0,99.3
ME,1348.0,1348.0,139,2023,0.0,100.0
MI,15217.0,15094.0,531,2023,123.0,99.2
MN,3942.0,3781.0,424,2023,161.0,95.9
MO,2091.0,2063.0,265,2023,28.0,98.7
MS,7012.0,6875.0,580,2023,137.0,98.0
MT,1721.0,1695.0,559,2023,26.0,98.5
NC,27309.0,26146.0,655,2023,1163.0,95.7
ND,3546.0,3498.0,1077,2023,48.0,98.6
NE,4082.0,3965.0,412,2023,117.0,97.1
NH,323.0,314.0,68,2023,9.0,97.2
NJ,2859.0,2859.0,161,2023,0.0,100.0
NM,2197.0,2192.0,157,2023,5.0,99.8
NV,3576.0,3576.0,185,2023,0.0,100.0
NY,10027.0,9919.0,775,2023,108.0,98.9
OH,4486.0,4378.0,255,2023,108.0,97.6
OK,1164.0,1163.0,187,2023,1.0,99.9
OR,4331.0,4349.0,210,2023,-18.0,100.4
PA,3140.0,3056.0,282,2023,84.0,97.3
RI,10.0,10.0,6,2023,0.0,100.0
SC,7834.0,7522.0,236,2023,312.0,96.0
SD,2743.0,2701.0,474,2023,42.0,98.5
TN,6679.0,6556.0,574,2023,123.0,98.2
TX,12252.0,12075.0,1233,2023,177.0,98.6
UT,1923.0,1908.0,330,2023,15.0,99.2
VA,5052.0,5036.0,228,2023,16.0,99.7
VT,504.0,499.0,98,2023,5.0,99.0
WA,37557.0,35680.0,407,2023,1877.0,95.0
WI,2872.0,2825.0,190,2023,47.0,98.4
WV,351.0,349.0,27,2023,2.0,99.4
WY,708.0,685.0,150,2023,23.0,96.8
AK,61.0,61.0,4,2024,0.0,100.0
AL,2154.0,2153.0,207,2024,1.0,100.0
AR,7686.0,7556.0,998,2024,130.0,98.3
AZ,12878.0,12800.0,251,2024,78.0,99.4
CA,37938.0,37511.0,1090,2024,427.0,98.9
CO,4428.0,4396.0,506,2024,32.0,99.3
CT,1566.0,1566.0,130,2024,0.0,100.0
DE,949.0,941.0,32,2024,8.0,99.2
FL,48317.0,47396.0,1040,2024,921.0,98.1
GA,45320.0,43436.0,851,2024,1884.0,95.8
HI,480.0,465.0,38,2024,15.0,96.9
IA,5647.0,5585.0,494,2024,62.0,98.9
ID,7517.0,7498.0,932,2024,19.0,99.7
IL,5229.0,5198.0,388,2024,31.0,99.4
IN,5103.0,5058.0,244,2024,45.0,99.1
KS,2397.0,2377.0,539,2024,20.0,99.2
KY,7696.0,7650.0,1177,2024,46.0,99.4
LA,14550.0,14036.0,1434,2024,514.0,96.5
MA,570.0,561.0,148,2024,9.0,98.4
MD,1475.0,1468.0,134,2024,7.0,99.5
ME,1418.0,1416.0,161,2024,2.0,99.9
MI,15046.0,15015.0,567,2024,31.0,99.8
MN,4066.0,4025.0,474,2024,41.0,99.0
MO,2399.0,2266.0,333,2024,133.0,94.5
MS,7166.0,7101.0,619,2024,65.0,99.1
MT,1920.0,1904.0,653,2024,16.0,99.2
NC,27726.0,27532.0,716,2024,194.0,99.3
ND,4222.0,4191.0,1259,2024,31.0,99.3
NE,4447.0,4120.0,436,2024,327.0,92.6
NH,326.0,325.0,70,2024,1.0,99.7
NJ,2624.0,2614.0,162,2024,10.0,99.6
NM,2249.0,2219.0,159,2024,30.0,98.7
NV,3528.0,3519.0,175,2024,9.0,99.7
NY,10378.0,10294.0,790,2024,84.0,99.2
OH,4630.0,4601.0,269,2024,29.0,99.4
OK,1445.0,1420.0,259,2024,25.0,98.3
OR,4301.0,4260.0,226,2024,41.0,99.0
PA,3144.0,3123.0,295,2024,21.0,99.3
RI,10.0,10.0,6,2024,0.0,100.0
SC,7105.0,7097.0,234,2024,8.0,99.9
SD,2379.0,2346.0,510,2024,33.0,98.6
TN,6384.0,6330.0,585,2024,54.0,99.2
TX,14460.0,13710.0,1435,2024,750.0,94.8
UT,1819.0,1779.0,335,2024,40.0,97.8
VA,5005.0,4925.0,234,2024,80.0,98.4
VT,602.0,596.0,109,2024,6.0,99.0
WA,36196.0,35884.0,441,2024,312.0,99.1
WI,2967.0,2950.0,221,2024,17.0,99.4
WV,353.0,331.0,30,2024,22.0,93.8
WY,667.0,662.0,146,2024,5.0,99.3
AK,46.0,46.0,5,2025,0.0,100.0
AL,2623.0,2084.0,239,2025,539.0,79.5
AR,8012.0,7865.0,1019,2025,147.0,98.2
AZ,14682.0,13935.0,256,2025,747.0,94.9
CA,39986.0,35138.0,1155,2025,4848.0,87.9
CO,5185.0,4544.0,597,2025,641.0,87.6
CT,1687.0,1601.0,131,2025,86.0,94.9
DE,1164.0,1055.0,37,2025,109.0,90.6
FL,58016.0,56818.0,1119,2025,1198.0,97.9
GA,44343.0,42723.0,867,2025,1620.0,96.3
HI,551.0,497.0,42,2025,54.0,90.2
IA,5442.0,5364.0,536,2025,78.0,98.6
ID,7724.0,7621.0,938,2025,103.0,98.7
IL,5927.0,5757.0,476,2025,170.0,97.1
IN,5413.0,5345.0,263,2025,68.0,98.7
KS,2552.0,2530.0,578,2025,22.0,99.1
KY,7887.0,7399.0,1189,2025,488.0,93.8
LA,14804.0,14631.0,1503,2025,173.0,98.8
MA,581.0,564.0,156,2025,17.0,97.1
MD,1561.0,1484.0,145,2025,77.0,95.1
ME,1516.0,1490.0,186,2025,26.0,98.3
MI,16686.0,15984.0,634,2025,702.0,95.8
MN,4603.0,4356.0,516,2025,247.0,94.6
MO,2508.0,2466.0,362,2025,42.0,98.3
MS,8001.0,7363.0,726,2025,638.0,92.0
MT,2139.0,2117.0,724,2025,22.0,99.0
NC,27055.0,26123.0,718,2025,932.0,96.6
ND,4807.0,4754.0,1483,2025,53.0,98.9
NE,4243.0,4204.0,506,2025,39.0,99.1
NH,364.0,343.0,75,2025,21.0,94.2
NJ,2789.0,2718.0,173,2025,71.0,97.5
NM,2608.0,2511.0,177,2025,97.0,96.3
NV,3824.0,3780.0,205,2025,44.0,98.8
NY,11025.0,10658.0,892,2025,367.0,96.7
OH,5034.0,4697.0,295,2025,337.0,93.3
OK,1482.0,1455.0,278,2025,27.0,98.2
OR,4420.0,4081.0,248,2025,339.0,92.3
PA,3210.0,3131.0,311,2025,79.0,97.5
RI,12.0,12.0,6,2025,0.0,100.0
SC,6869.0,6863.0,238,2025,6.0,99.9
SD,3370.0,3139.0,625,2025,231.0,93.1
TN,6458.0,6292.0,587,2025,166.0,97.4
TX,16426.0,15945.0,1580,2025,481.0,97.1
UT,2182.0,1947.0,395,2025,235.0,89.2
VA,4554.0,4534.0,225,2025,20.0,99.6
VT,577.0,546.0,116,2025,31.0,94.6
WA,35317.0,34560.0,434,2025,757.0,97.9
WI,3072.0,3036.0,237,2025,36.0,98.8
WV,383.0,346.0,36,2025,37.0,90.3
WY,938.0,807.0,202,2025,131.0,86.0
